{
	"info": {
		"_postman_id": "19732491-a402-4485-848c-71ba8037f9e6",
		"name": "teacher",
		"schema": "https://schema.getpostman.com/json/collection/v2.1.0/collection.json",
		"_exporter_id": "11674680"
	},
	"item": [
		{
			"name": "get all teachers",
			"request": {
				"method": "GET",
				"header": [],
				"url": {
					"raw": "{{url}}/",
					"host": [
						"{{url}}"
					],
					"path": [
						""
					]
				}
			},
			"response": []
		},
		{
			"name": "greate teacher Post",
			"request": {
				"method": "POST",
				"header": [],
				"body": {
					"mode": "formdata",
					"formdata": [
						{
							"key": "name",
							"value": "عمار",
							"type": "text"
						},
						{
							"key": "phoneNumber",
							"value": "07817669212",
							"type": "text"
						},
						{
							"key": "dateOfBirth",
							"value": "1990-12-03",
							"type": "text"
						},
						{
							"key": "address",
							"value": "بغداد",
							"type": "text"
						}
					]
				},
				"url": {
					"raw": "{{url}}",
					"host": [
						"{{url}}"
					]
				}
			},
			"response": []
		},
		{
			"name": "get teacher By ID",
			"request": {
				"method": "GET",
				"header": [],
				"url": {
					"raw": "{{url}}1",
					"host": [
						"{{url}}1"
					]
				}
			},
			"response": []
		},
		{
			"name": "Update Data Teacher",
			"request": {
				"method": "POST",
				"header": [],
				"body": {
					"mode": "formdata",
					"formdata": [
						{
							"key": "name",
							"value": "كاظم",
							"type": "text"
						},
						{
							"key": "phoneNumber",
							"value": "07817669212",
							"type": "text"
						},
						{
							"key": "dateOfBirth",
							"value": "2023-02-01",
							"type": "text"
						},
						{
							"key": "address",
							"value": "fff",
							"type": "text"
						}
					]
				},
				"url": {
					"raw": "{{url}}1",
					"host": [
						"{{url}}1"
					]
				}
			},
			"response": []
		},
		{
			"name": "Delete Teacher",
			"request": {
				"method": "POST",
				"header": [],
				"url": {
					"raw": "{{url}}1",
					"host": [
						"{{url}}1"
					]
				}
			},
			"response": []
		}
	],
	"event": [
		{
			"listen": "prerequest",
			"script": {
				"type": "text/javascript",
				"exec": [
					""
				]
			}
		},
		{
			"listen": "test",
			"script": {
				"type": "text/javascript",
				"exec": [
					""
				]
			}
		}
	],
	"variable": [
		{
			"key": "url",
			"value": "http://127.0.0.1:8000/api/",
			"type": "string"
		}
	]
}